MM-DD,Normalized Date,Card,System,Source,Confidence,Notes,Rank,Suit,Suit Order,Rank Order
01-01,2000-01-01,King of Spades,Seven Reflections Destiny Cards System,Seven Reflections Destiny Cards System,High,Imported from Seven Reflections Destiny Cards System day-card calendar (TypeScript mapping).,,,,
01-02,2000-01-02,Queen of Spades,Seven Reflections Destiny Cards System,Seven Reflections Destiny Cards System,High,Imported from Seven Reflections Destiny Cards System day-card calendar (TypeScript mapping).,,,,
01-03,2000-01-03,Jack of Spades,Seven Reflections Destiny Cards System,Seven Reflections Destiny Cards System,High,Imported from Seven Reflections Destiny Cards System day-card calendar (TypeScript mapping).,,,,
01-04,2000-01-04,10 of Spades,Seven Reflections Destiny Cards System,Seven Reflections Destiny Cards System,High,Imported from Seven Reflections Destiny Cards System day-card calendar (TypeScript mapping).,10,Spades,1.0,10.0
01-05,2000-01-05,9 of Spades,Seven Reflections Destiny Cards System,Seven Reflections Destiny Cards System,High,Imported from Seven Reflections Destiny Cards System day-card calendar (TypeScript mapping).,9,Spades,1.0,9.0
01-06,2000-01-06,8 of Spades,Seven Reflections Destiny Cards System,Seven Reflections Destiny Cards System,High,Imported from Seven Reflections Destiny Cards System day-card calendar (TypeScript mapping).,8,Spades,1.0,8.0
01-07,2000-01-07,7 of Spades,Seven Reflections Destiny Cards System,Seven Reflections Destiny Cards System,High,Imported from Seven Reflections Destiny Cards System day-card calendar (TypeScript mapping).,7,Spades,1.0,7.0
01-08,2000-01-08,6 of Spades,Seven Reflections Destiny Cards System,Seven Reflections Destiny Cards System,High,Imported from Seven Reflections Destiny Cards System day-card calendar (TypeScript mapping).,6,Spades,1.0,6.0
01-09,2000-01-09,5 of Spades,Seven Reflections Destiny Cards System,Seven Reflections Destiny Cards System,High,Imported from Seven Reflections Destiny Cards System day-card calendar (TypeScript mapping).,5,Spades,1.0,5.0
01-10,2000-01-10,4 of Spades,Seven Reflections Destiny Cards System,Seven Reflections Destiny Cards System,High,Imported from Seven Reflections Destiny Cards System day-card calendar (TypeScript mapping).,4,Spades,1.0,4.0
01-11,2000-01-11,3 of Spades,Seven Reflections Destiny Cards System,Seven Reflections Destiny Cards System,High,Imported from Seven Reflections Destiny Cards System day-card calendar (TypeScript mapping).,3,Spades,1.0,3.0
01-12,2000-01-12,2 of Spades,Seven Reflections Destiny Cards System,Seven Reflections Destiny Cards System,High,Imported from Seven Reflections Destiny Cards System day-card calendar (TypeScript mapping).,2,Spades,1.0,2.0
01-13,2000-01-13,Ace of Spades,Seven Reflections Destiny Cards System,Seven Reflections Destiny Cards System,High,Imported from Seven Reflections Destiny Cards System day-card calendar (TypeScript mapping).,,,,
01-14,2000-01-14,King of Hearts,Seven Reflections Destiny Cards System,Seven Reflections Destiny Cards System,High,Imported from Seven Reflections Destiny Cards System day-card calendar (TypeScript mapping).,,,,
01-15,2000-01-15,Queen of Hearts,Seven Reflections Destiny Cards System,Seven Reflections Destiny Cards System,High,Imported from Seven Reflections Destiny Cards System day-card calendar (TypeScript mapping).,,,,
01-16,2000-01-16,Jack of Hearts,Seven Reflections Destiny Cards System,Seven Reflections Destiny Cards System,High,Imported from Seven Reflections Destiny Cards System day-card calendar (TypeScript mapping).,,,,
01-17,2000-01-17,10 of Hearts,Seven Reflections Destiny Cards System,Seven Reflections Destiny Cards System,High,Imported from Seven Reflections Destiny Cards System day-card calendar (TypeScript mapping).,10,Hearts,4.0,10.0
01-18,2000-01-18,9 of Hearts,Seven Reflections Destiny Cards System,Seven Reflections Destiny Cards System,High,Imported from Seven Reflections Destiny Cards System day-card calendar (TypeScript mapping).,9,Hearts,4.0,9.0
01-19,2000-01-19,8 of Hearts,Seven Reflections Destiny Cards System,Seven Reflections Destiny Cards System,High,Imported from Seven Reflections Destiny Cards System day-card calendar (TypeScript mapping).,8,Hearts,4.0,8.0
01-20,2000-01-20,7 of Hearts,Seven Reflections Destiny Cards System,Seven Reflections Destiny Cards System,High,Imported from Seven Reflections Destiny Cards System day-card calendar (TypeScript mapping).,7,Hearts,4.0,7.0
01-21,2000-01-21,6 of Hearts,Seven Reflections Destiny Cards System,Seven Reflections Destiny Cards System,High,Imported from Seven Reflections Destiny Cards System day-card calendar (TypeScript mapping).,6,Hearts,4.0,6.0
01-22,2000-01-22,5 of Hearts,Seven Reflections Destiny Cards System,Seven Reflections Destiny Cards System,High,Imported from Seven Reflections Destiny Cards System day-card calendar (TypeScript mapping).,5,Hearts,4.0,5.0
01-23,2000-01-23,4 of Hearts,Seven Reflections Destiny Cards System,Seven Reflections Destiny Cards System,High,Imported from Seven Reflections Destiny Cards System day-card calendar (TypeScript mapping).,4,Hearts,4.0,4.0
01-24,2000-01-24,3 of Hearts,Seven Reflections Destiny Cards System,Seven Reflections Destiny Cards System,High,Imported from Seven Reflections Destiny Cards System day-card calendar (TypeScript mapping).,3,Hearts,4.0,3.0
01-25,2000-01-25,2 of Hearts,Seven Reflections Destiny Cards System,Seven Reflections Destiny Cards System,High,Imported from Seven Reflections Destiny Cards System day-card calendar (TypeScript mapping).,2,Hearts,4.0,2.0
01-26,2000-01-26,Ace of Hearts,Seven Reflections Destiny Cards System,Seven Reflections Destiny Cards System,High,Imported from Seven Reflections Destiny Cards System day-card calendar (TypeScript mapping).,,,,
01-27,2000-01-27,King of Clubs,Seven Reflections Destiny Cards System,Seven Reflections Destiny Cards System,High,Imported from Seven Reflections Destiny Cards System day-card calendar (TypeScript mapping).,,,,
01-28,2000-01-28,Queen of Clubs,Seven Reflections Destiny Cards System,Seven Reflections Destiny Cards System,High,Imported from Seven Reflections Destiny Cards System day-card calendar (TypeScript mapping).,,,,
01-29,2000-01-29,Jack of Clubs,Seven Reflections Destiny Cards System,Seven Reflections Destiny Cards System,High,Imported from Seven Reflections Destiny Cards System day-card calendar (TypeScript mapping).,,,,
01-30,2000-01-30,10 of Clubs,Seven Reflections Destiny Cards System,Seven Reflections Destiny Cards System,High,Imported from Seven Reflections Destiny Cards System day-card calendar (TypeScript mapping).,10,Clubs,3.0,10.0
01-31,2000-01-31,9 of Clubs,Seven Reflections Destiny Cards System,Seven Reflections Destiny Cards System,High,Imported from Seven Reflections Destiny Cards System day-card calendar (TypeScript mapping).,9,Clubs,3.0,9.0
02-01,2000-02-01,Jack of Spades,Seven Reflections Destiny Cards System,Seven Reflections Destiny Cards System,High,Imported from Seven Reflections Destiny Cards System day-card calendar (TypeScript mapping).,,,,
02-02,2000-02-02,10 of Spades,Seven Reflections Destiny Cards System,Seven Reflections Destiny Cards System,High,Imported from Seven Reflections Destiny Cards System day-card calendar (TypeScript mapping).,10,Spades,1.0,10.0
02-03,2000-02-03,9 of Spades,Seven Reflections Destiny Cards System,Seven Reflections Destiny Cards System,High,Imported from Seven Reflections Destiny Cards System day-card calendar (TypeScript mapping).,9,Spades,1.0,9.0
02-04,2000-02-04,8 of Spades,Seven Reflections Destiny Cards System,Seven Reflections Destiny Cards System,High,Imported from Seven Reflections Destiny Cards System day-card calendar (TypeScript mapping).,8,Spades,1.0,8.0
02-05,2000-02-05,7 of Spades,Seven Reflections Destiny Cards System,Seven Reflections Destiny Cards System,High,Imported from Seven Reflections Destiny Cards System day-card calendar (TypeScript mapping).,7,Spades,1.0,7.0
02-06,2000-02-06,6 of Spades,Seven Reflections Destiny Cards System,Seven Reflections Destiny Cards System,High,Imported from Seven Reflections Destiny Cards System day-card calendar (TypeScript mapping).,6,Spades,1.0,6.0
02-07,2000-02-07,5 of Spades,Seven Reflections Destiny Cards System,Seven Reflections Destiny Cards System,High,Imported from Seven Reflections Destiny Cards System day-card calendar (TypeScript mapping).,5,Spades,1.0,5.0
02-08,2000-02-08,4 of Spades,Seven Reflections Destiny Cards System,Seven Reflections Destiny Cards System,High,Imported from Seven Reflections Destiny Cards System day-card calendar (TypeScript mapping).,4,Spades,1.0,4.0
02-09,2000-02-09,3 of Spades,Seven Reflections Destiny Cards System,Seven Reflections Destiny Cards System,High,Imported from Seven Reflections Destiny Cards System day-card calendar (TypeScript mapping).,3,Spades,1.0,3.0
02-10,2000-02-10,2 of Spades,Seven Reflections Destiny Cards System,Seven Reflections Destiny Cards System,High,Imported from Seven Reflections Destiny Cards System day-card calendar (TypeScript mapping).,2,Spades,1.0,2.0
02-11,2000-02-11,Ace of Spades,Seven Reflections Destiny Cards System,Seven Reflections Destiny Cards System,High,Imported from Seven Reflections Destiny Cards System day-card calendar (TypeScript mapping).,,,,
02-12,2000-02-12,King of Hearts,Seven Reflections Destiny Cards System,Seven Reflections Destiny Cards System,High,Imported from Seven Reflections Destiny Cards System day-card calendar (TypeScript mapping).,,,,
02-13,2000-02-13,Queen of Hearts,Seven Reflections Destiny Cards System,Seven Reflections Destiny Cards System,High,Imported from Seven Reflections Destiny Cards System day-card calendar (TypeScript mapping).,,,,
02-14,2000-02-14,Jack of Hearts,Seven Reflections Destiny Cards System,Seven Reflections Destiny Cards System,High,Imported from Seven Reflections Destiny Cards System day-card calendar (TypeScript mapping).,,,,
02-15,2000-02-15,10 of Hearts,Seven Reflections Destiny Cards System,Seven Reflections Destiny Cards System,High,Imported from Seven Reflections Destiny Cards System day-card calendar (TypeScript mapping).,10,Hearts,4.0,10.0
02-16,2000-02-16,9 of Hearts,Seven Reflections Destiny Cards System,Seven Reflections Destiny Cards System,High,Imported from Seven Reflections Destiny Cards System day-card calendar (TypeScript mapping).,9,Hearts,4.0,9.0
02-17,2000-02-17,8 of Hearts,Seven Reflections Destiny Cards System,Seven Reflections Destiny Cards System,High,Imported from Seven Reflections Destiny Cards System day-card calendar (TypeScript mapping).,8,Hearts,4.0,8.0
02-18,2000-02-18,7 of Hearts,Seven Reflections Destiny Cards System,Seven Reflections Destiny Cards System,High,Imported from Seven Reflections Destiny Cards System day-card calendar (TypeScript mapping).,7,Hearts,4.0,7.0
02-19,2000-02-19,6 of Hearts,Seven Reflections Destiny Cards System,Seven Reflections Destiny Cards System,High,Imported from Seven Reflections Destiny Cards System day-card calendar (TypeScript mapping).,6,Hearts,4.0,6.0
02-20,2000-02-20,5 of Hearts,Seven Reflections Destiny Cards System,Seven Reflections Destiny Cards System,High,Imported from Seven Reflections Destiny Cards System day-card calendar (TypeScript mapping).,5,Hearts,4.0,5.0
02-21,2000-02-21,4 of Hearts,Seven Reflections Destiny Cards System,Seven Reflections Destiny Cards System,High,Imported from Seven Reflections Destiny Cards System day-card calendar (TypeScript mapping).,4,Hearts,4.0,4.0
02-22,2000-02-22,3 of Hearts,Seven Reflections Destiny Cards System,Seven Reflections Destiny Cards System,High,Imported from Seven Reflections Destiny Cards System day-card calendar (TypeScript mapping).,3,Hearts,4.0,3.0
02-23,2000-02-23,2 of Hearts,Seven Reflections Destiny Cards System,Seven Reflections Destiny Cards System,High,Imported from Seven Reflections Destiny Cards System day-card calendar (TypeScript mapping).,2,Hearts,4.0,2.0
02-24,2000-02-24,Ace of Hearts,Seven Reflections Destiny Cards System,Seven Reflections Destiny Cards System,High,Imported from Seven Reflections Destiny Cards System day-card calendar (TypeScript mapping).,,,,
02-25,2000-02-25,King of Clubs,Seven Reflections Destiny Cards System,Seven Reflections Destiny Cards System,High,Imported from Seven Reflections Destiny Cards System day-card calendar (TypeScript mapping).,,,,
02-26,2000-02-26,Queen of Clubs,Seven Reflections Destiny Cards System,Seven Reflections Destiny Cards System,High,Imported from Seven Reflections Destiny Cards System day-card calendar (TypeScript mapping).,,,,
02-27,2000-02-27,Jack of Clubs,Seven Reflections Destiny Cards System,Seven Reflections Destiny Cards System,High,Imported from Seven Reflections Destiny Cards System day-card calendar (TypeScript mapping).,,,,
02-28,2000-02-28,10 of Clubs,Seven Reflections Destiny Cards System,Seven Reflections Destiny Cards System,High,Imported from Seven Reflections Destiny Cards System day-card calendar (TypeScript mapping).,10,Clubs,3.0,10.0
02-29,2000-02-29,9 of Clubs,Seven Reflections Destiny Cards System,Seven Reflections Destiny Cards System,High,Imported from Seven Reflections Destiny Cards System day-card calendar (TypeScript mapping).,9,Clubs,3.0,9.0
03-01,2000-03-01,9 of Spades,Seven Reflections Destiny Cards System,Seven Reflections Destiny Cards System,High,Imported from Seven Reflections Destiny Cards System day-card calendar (TypeScript mapping).,9,Spades,1.0,9.0
03-02,2000-03-02,8 of Spades,Seven Reflections Destiny Cards System,Seven Reflections Destiny Cards System,High,Imported from Seven Reflections Destiny Cards System day-card calendar (TypeScript mapping).,8,Spades,1.0,8.0
03-03,2000-03-03,7 of Spades,Seven Reflections Destiny Cards System,Seven Reflections Destiny Cards System,High,Imported from Seven Reflections Destiny Cards System day-card calendar (TypeScript mapping).,7,Spades,1.0,7.0
03-04,2000-03-04,6 of Spades,Seven Reflections Destiny Cards System,Seven Reflections Destiny Cards System,High,Imported from Seven Reflections Destiny Cards System day-card calendar (TypeScript mapping).,6,Spades,1.0,6.0
03-05,2000-03-05,5 of Spades,Seven Reflections Destiny Cards System,Seven Reflections Destiny Cards System,High,Imported from Seven Reflections Destiny Cards System day-card calendar (TypeScript mapping).,5,Spades,1.0,5.0
03-06,2000-03-06,4 of Spades,Seven Reflections Destiny Cards System,Seven Reflections Destiny Cards System,High,Imported from Seven Reflections Destiny Cards System day-card calendar (TypeScript mapping).,4,Spades,1.0,4.0
03-07,2000-03-07,3 of Spades,Seven Reflections Destiny Cards System,Seven Reflections Destiny Cards System,High,Imported from Seven Reflections Destiny Cards System day-card calendar (TypeScript mapping).,3,Spades,1.0,3.0
03-08,2000-03-08,2 of Spades,Seven Reflections Destiny Cards System,Seven Reflections Destiny Cards System,High,Imported from Seven Reflections Destiny Cards System day-card calendar (TypeScript mapping).,2,Spades,1.0,2.0
03-09,2000-03-09,Ace of Spades,Seven Reflections Destiny Cards System,Seven Reflections Destiny Cards System,High,Imported from Seven Reflections Destiny Cards System day-card calendar (TypeScript mapping).,,,,
03-10,2000-03-10,King of Hearts,Seven Reflections Destiny Cards System,Seven Reflections Destiny Cards System,High,Imported from Seven Reflections Destiny Cards System day-card calendar (TypeScript mapping).,,,,
03-11,2000-03-11,Queen of Hearts,Seven Reflections Destiny Cards System,Seven Reflections Destiny Cards System,High,Imported from Seven Reflections Destiny Cards System day-card calendar (TypeScript mapping).,,,,
03-12,2000-03-12,Jack of Hearts,Seven Reflections Destiny Cards System,Seven Reflections Destiny Cards System,High,Imported from Seven Reflections Destiny Cards System day-card calendar (TypeScript mapping).,,,,
03-13,2000-03-13,10 of Hearts,Seven Reflections Destiny Cards System,Seven Reflections Destiny Cards System,High,Imported from Seven Reflections Destiny Cards System day-card calendar (TypeScript mapping).,10,Hearts,4.0,10.0
03-14,2000-03-14,9 of Hearts,Seven Reflections Destiny Cards System,Seven Reflections Destiny Cards System,High,Imported from Seven Reflections Destiny Cards System day-card calendar (TypeScript mapping).,9,Hearts,4.0,9.0
03-15,2000-03-15,8 of Hearts,Seven Reflections Destiny Cards System,Seven Reflections Destiny Cards System,High,Imported from Seven Reflections Destiny Cards System day-card calendar (TypeScript mapping).,8,Hearts,4.0,8.0
03-16,2000-03-16,7 of Hearts,Seven Reflections Destiny Cards System,Seven Reflections Destiny Cards System,High,Imported from Seven Reflections Destiny Cards System day-card calendar (TypeScript mapping).,7,Hearts,4.0,7.0
03-17,2000-03-17,6 of Hearts,Seven Reflections Destiny Cards System,Seven Reflections Destiny Cards System,High,Imported from Seven Reflections Destiny Cards System day-card calendar (TypeScript mapping).,6,Hearts,4.0,6.0
03-18,2000-03-18,5 of Hearts,Seven Reflections Destiny Cards System,Seven Reflections Destiny Cards System,High,Imported from Seven Reflections Destiny Cards System day-card calendar (TypeScript mapping).,5,Hearts,4.0,5.0
03-19,2000-03-19,4 of Hearts,Seven Reflections Destiny Cards System,Seven Reflections Destiny Cards System,High,Imported from Seven Reflections Destiny Cards System day-card calendar (TypeScript mapping).,4,Hearts,4.0,4.0
03-20,2000-03-20,3 of Hearts,Seven Reflections Destiny Cards System,Seven Reflections Destiny Cards System,High,Imported from Seven Reflections Destiny Cards System day-card calendar (TypeScript mapping).,3,Hearts,4.0,3.0
03-21,2000-03-21,2 of Hearts,Seven Reflections Destiny Cards System,Seven Reflections Destiny Cards System,High,Imported from Seven Reflections Destiny Cards System day-card calendar (TypeScript mapping).,2,Hearts,4.0,2.0
03-22,2000-03-22,Ace of Hearts,Seven Reflections Destiny Cards System,Seven Reflections Destiny Cards System,High,Imported from Seven Reflections Destiny Cards System day-card calendar (TypeScript mapping).,,,,
03-23,2000-03-23,King of Clubs,Seven Reflections Destiny Cards System,Seven Reflections Destiny Cards System,High,Imported from Seven Reflections Destiny Cards System day-card calendar (TypeScript mapping).,,,,
03-24,2000-03-24,Queen of Clubs,Seven Reflections Destiny Cards System,Seven Reflections Destiny Cards System,High,Imported from Seven Reflections Destiny Cards System day-card calendar (TypeScript mapping).,,,,
03-25,2000-03-25,Jack of Clubs,Seven Reflections Destiny Cards System,Seven Reflections Destiny Cards System,High,Imported from Seven Reflections Destiny Cards System day-card calendar (TypeScript mapping).,,,,
03-26,2000-03-26,10 of Clubs,Seven Reflections Destiny Cards System,Seven Reflections Destiny Cards System,High,Imported from Seven Reflections Destiny Cards System day-card calendar (TypeScript mapping).,10,Clubs,3.0,10.0
03-27,2000-03-27,9 of Clubs,Seven Reflections Destiny Cards System,Seven Reflections Destiny Cards System,High,Imported from Seven Reflections Destiny Cards System day-card calendar (TypeScript mapping).,9,Clubs,3.0,9.0
03-28,2000-03-28,8 of Clubs,Seven Reflections Destiny Cards System,Seven Reflections Destiny Cards System,High,Imported from Seven Reflections Destiny Cards System day-card calendar (TypeScript mapping).,8,Clubs,3.0,8.0
03-29,2000-03-29,7 of Clubs,Seven Reflections Destiny Cards System,Seven Reflections Destiny Cards System,High,Imported from Seven Reflections Destiny Cards System day-card calendar (TypeScript mapping).,7,Clubs,3.0,7.0
03-30,2000-03-30,6 of Clubs,Seven Reflections Destiny Cards System,Seven Reflections Destiny Cards System,High,Imported from Seven Reflections Destiny Cards System day-card calendar (TypeScript mapping).,6,Clubs,3.0,6.0
03-31,2000-03-31,5 of Clubs,Seven Reflections Destiny Cards System,Seven Reflections Destiny Cards System,High,Imported from Seven Reflections Destiny Cards System day-card calendar (TypeScript mapping).,5,Clubs,3.0,5.0
04-01,2000-04-01,7 of Spades,Seven Reflections Destiny Cards System,Seven Reflections Destiny Cards System,High,Imported from Seven Reflections Destiny Cards System day-card calendar (TypeScript mapping).,7,Spades,1.0,7.0
04-02,2000-04-02,6 of Spades,Seven Reflections Destiny Cards System,Seven Reflections Destiny Cards System,High,Imported from Seven Reflections Destiny Cards System day-card calendar (TypeScript mapping).,6,Spades,1.0,6.0
04-03,2000-04-03,5 of Spades,Seven Reflections Destiny Cards System,Seven Reflections Destiny Cards System,High,Imported from Seven Reflections Destiny Cards System day-card calendar (TypeScript mapping).,5,Spades,1.0,5.0
04-04,2000-04-04,4 of Spades,Seven Reflections Destiny Cards System,Seven Reflections Destiny Cards System,High,Imported from Seven Reflections Destiny Cards System day-card calendar (TypeScript mapping).,4,Spades,1.0,4.0
04-05,2000-04-05,3 of Spades,Seven Reflections Destiny Cards System,Seven Reflections Destiny Cards System,High,Imported from Seven Reflections Destiny Cards System day-card calendar (TypeScript mapping).,3,Spades,1.0,3.0
04-06,2000-04-06,2 of Spades,Seven Reflections Destiny Cards System,Seven Reflections Destiny Cards System,High,Imported from Seven Reflections Destiny Cards System day-card calendar (TypeScript mapping).,2,Spades,1.0,2.0
04-07,2000-04-07,Ace of Spades,Seven Reflections Destiny Cards System,Seven Reflections Destiny Cards System,High,Imported from Seven Reflections Destiny Cards System day-card calendar (TypeScript mapping).,,,,
04-08,2000-04-08,King of Hearts,Seven Reflections Destiny Cards System,Seven Reflections Destiny Cards System,High,Imported from Seven Reflections Destiny Cards System day-card calendar (TypeScript mapping).,,,,
04-09,2000-04-09,Queen of Hearts,Seven Reflections Destiny Cards System,Seven Reflections Destiny Cards System,High,Imported from Seven Reflections Destiny Cards System day-card calendar (TypeScript mapping).,,,,
04-10,2000-04-10,Jack of Hearts,Seven Reflections Destiny Cards System,Seven Reflections Destiny Cards System,High,Imported from Seven Reflections Destiny Cards System day-card calendar (TypeScript mapping).,,,,
04-11,2000-04-11,10 of Hearts,Seven Reflections Destiny Cards System,Seven Reflections Destiny Cards System,High,Imported from Seven Reflections Destiny Cards System day-card calendar (TypeScript mapping).,10,Hearts,4.0,10.0
04-12,2000-04-12,9 of Hearts,Seven Reflections Destiny Cards System,Seven Reflections Destiny Cards System,High,Imported from Seven Reflections Destiny Cards System day-card calendar (TypeScript mapping).,9,Hearts,4.0,9.0
04-13,2000-04-13,8 of Hearts,Seven Reflections Destiny Cards System,Seven Reflections Destiny Cards System,High,Imported from Seven Reflections Destiny Cards System day-card calendar (TypeScript mapping).,8,Hearts,4.0,8.0
04-14,2000-04-14,7 of Hearts,Seven Reflections Destiny Cards System,Seven Reflections Destiny Cards System,High,Imported from Seven Reflections Destiny Cards System day-card calendar (TypeScript mapping).,7,Hearts,4.0,7.0
04-15,2000-04-15,6 of Hearts,Seven Reflections Destiny Cards System,Seven Reflections Destiny Cards System,High,Imported from Seven Reflections Destiny Cards System day-card calendar (TypeScript mapping).,6,Hearts,4.0,6.0
04-16,2000-04-16,5 of Hearts,Seven Reflections Destiny Cards System,Seven Reflections Destiny Cards System,High,Imported from Seven Reflections Destiny Cards System day-card calendar (TypeScript mapping).,5,Hearts,4.0,5.0
04-17,2000-04-17,4 of Hearts,Seven Reflections Destiny Cards System,Seven Reflections Destiny Cards System,High,Imported from Seven Reflections Destiny Cards System day-card calendar (TypeScript mapping).,4,Hearts,4.0,4.0
04-18,2000-04-18,3 of Hearts,Seven Reflections Destiny Cards System,Seven Reflections Destiny Cards System,High,Imported from Seven Reflections Destiny Cards System day-card calendar (TypeScript mapping).,3,Hearts,4.0,3.0
04-19,2000-04-19,2 of Hearts,Seven Reflections Destiny Cards System,Seven Reflections Destiny Cards System,High,Imported from Seven Reflections Destiny Cards System day-card calendar (TypeScript mapping).,2,Hearts,4.0,2.0
04-20,2000-04-20,Ace of Hearts,Seven Reflections Destiny Cards System,Seven Reflections Destiny Cards System,High,Imported from Seven Reflections Destiny Cards System day-card calendar (TypeScript mapping).,,,,
04-21,2000-04-21,King of Clubs,Seven Reflections Destiny Cards System,Seven Reflections Destiny Cards System,High,Imported from Seven Reflections Destiny Cards System day-card calendar (TypeScript mapping).,,,,
04-22,2000-04-22,Queen of Clubs,Seven Reflections Destiny Cards System,Seven Reflections Destiny Cards System,High,Imported from Seven Reflections Destiny Cards System day-card calendar (TypeScript mapping).,,,,
04-23,2000-04-23,Jack of Clubs,Seven Reflections Destiny Cards System,Seven Reflections Destiny Cards System,High,Imported from Seven Reflections Destiny Cards System day-card calendar (TypeScript mapping).,,,,
04-24,2000-04-24,10 of Clubs,Seven Reflections Destiny Cards System,Seven Reflections Destiny Cards System,High,Imported from Seven Reflections Destiny Cards System day-card calendar (TypeScript mapping).,10,Clubs,3.0,10.0
04-25,2000-04-25,9 of Clubs,Seven Reflections Destiny Cards System,Seven Reflections Destiny Cards System,High,Imported from Seven Reflections Destiny Cards System day-card calendar (TypeScript mapping).,9,Clubs,3.0,9.0
04-26,2000-04-26,8 of Clubs,Seven Reflections Destiny Cards System,Seven Reflections Destiny Cards System,High,Imported from Seven Reflections Destiny Cards System day-card calendar (TypeScript mapping).,8,Clubs,3.0,8.0
04-27,2000-04-27,7 of Clubs,Seven Reflections Destiny Cards System,Seven Reflections Destiny Cards System,High,Imported from Seven Reflections Destiny Cards System day-card calendar (TypeScript mapping).,7,Clubs,3.0,7.0
04-28,2000-04-28,6 of Clubs,Seven Reflections Destiny Cards System,Seven Reflections Destiny Cards System,High,Imported from Seven Reflections Destiny Cards System day-card calendar (TypeScript mapping).,6,Clubs,3.0,6.0
04-29,2000-04-29,5 of Clubs,Seven Reflections Destiny Cards System,Seven Reflections Destiny Cards System,High,Imported from Seven Reflections Destiny Cards System day-card calendar (TypeScript mapping).,5,Clubs,3.0,5.0
04-30,2000-04-30,4 of Clubs,Seven Reflections Destiny Cards System,Seven Reflections Destiny Cards System,High,Imported from Seven Reflections Destiny Cards System day-card calendar (TypeScript mapping).,4,Clubs,3.0,4.0
05-01,2000-05-01,5 of Spades,Seven Reflections Destiny Cards System,Seven Reflections Destiny Cards System,High,Imported from Seven Reflections Destiny Cards System day-card calendar (TypeScript mapping).,5,Spades,1.0,5.0
05-02,2000-05-02,4 of Spades,Seven Reflections Destiny Cards System,Seven Reflections Destiny Cards System,High,Imported from Seven Reflections Destiny Cards System day-card calendar (TypeScript mapping).,4,Spades,1.0,4.0
05-03,2000-05-03,3 of Spades,Seven Reflections Destiny Cards System,Seven Reflections Destiny Cards System,High,Imported from Seven Reflections Destiny Cards System day-card calendar (TypeScript mapping).,3,Spades,1.0,3.0
05-04,2000-05-04,2 of Spades,Seven Reflections Destiny Cards System,Seven Reflections Destiny Cards System,High,Imported from Seven Reflections Destiny Cards System day-card calendar (TypeScript mapping).,2,Spades,1.0,2.0
05-05,2000-05-05,Ace of Spades,Seven Reflections Destiny Cards System,Seven Reflections Destiny Cards System,High,Imported from Seven Reflections Destiny Cards System day-card calendar (TypeScript mapping).,,,,
05-06,2000-05-06,King of Hearts,Seven Reflections Destiny Cards System,Seven Reflections Destiny Cards System,High,Imported from Seven Reflections Destiny Cards System day-card calendar (TypeScript mapping).,,,,
05-07,2000-05-07,Queen of Hearts,Seven Reflections Destiny Cards System,Seven Reflections Destiny Cards System,High,Imported from Seven Reflections Destiny Cards System day-card calendar (TypeScript mapping).,,,,
05-08,2000-05-08,Jack of Hearts,Seven Reflections Destiny Cards System,Seven Reflections Destiny Cards System,High,Imported from Seven Reflections Destiny Cards System day-card calendar (TypeScript mapping).,,,,
05-09,2000-05-09,10 of Hearts,Seven Reflections Destiny Cards System,Seven Reflections Destiny Cards System,High,Imported from Seven Reflections Destiny Cards System day-card calendar (TypeScript mapping).,10,Hearts,4.0,10.0
05-10,2000-05-10,9 of Hearts,Seven Reflections Destiny Cards System,Seven Reflections Destiny Cards System,High,Imported from Seven Reflections Destiny Cards System day-card calendar (TypeScript mapping).,9,Hearts,4.0,9.0
05-11,2000-05-11,8 of Hearts,Seven Reflections Destiny Cards System,Seven Reflections Destiny Cards System,High,Imported from Seven Reflections Destiny Cards System day-card calendar (TypeScript mapping).,8,Hearts,4.0,8.0
05-12,2000-05-12,7 of Hearts,Seven Reflections Destiny Cards System,Seven Reflections Destiny Cards System,High,Imported from Seven Reflections Destiny Cards System day-card calendar (TypeScript mapping).,7,Hearts,4.0,7.0
05-13,2000-05-13,6 of Hearts,Seven Reflections Destiny Cards System,Seven Reflections Destiny Cards System,High,Imported from Seven Reflections Destiny Cards System day-card calendar (TypeScript mapping).,6,Hearts,4.0,6.0
05-14,2000-05-14,5 of Hearts,Seven Reflections Destiny Cards System,Seven Reflections Destiny Cards System,High,Imported from Seven Reflections Destiny Cards System day-card calendar (TypeScript mapping).,5,Hearts,4.0,5.0
05-15,2000-05-15,4 of Hearts,Seven Reflections Destiny Cards System,Seven Reflections Destiny Cards System,High,Imported from Seven Reflections Destiny Cards System day-card calendar (TypeScript mapping).,4,Hearts,4.0,4.0
05-16,2000-05-16,3 of Hearts,Seven Reflections Destiny Cards System,Seven Reflections Destiny Cards System,High,Imported from Seven Reflections Destiny Cards System day-card calendar (TypeScript mapping).,3,Hearts,4.0,3.0
05-17,2000-05-17,2 of Hearts,Seven Reflections Destiny Cards System,Seven Reflections Destiny Cards System,High,Imported from Seven Reflections Destiny Cards System day-card calendar (TypeScript mapping).,2,Hearts,4.0,2.0
05-18,2000-05-18,Ace of Hearts,Seven Reflections Destiny Cards System,Seven Reflections Destiny Cards System,High,Imported from Seven Reflections Destiny Cards System day-card calendar (TypeScript mapping).,,,,
05-19,2000-05-19,King of Clubs,Seven Reflections Destiny Cards System,Seven Reflections Destiny Cards System,High,Imported from Seven Reflections Destiny Cards System day-card calendar (TypeScript mapping).,,,,
05-20,2000-05-20,Queen of Clubs,Seven Reflections Destiny Cards System,Seven Reflections Destiny Cards System,High,Imported from Seven Reflections Destiny Cards System day-card calendar (TypeScript mapping).,,,,
05-21,2000-05-21,Jack of Clubs,Seven Reflections Destiny Cards System,Seven Reflections Destiny Cards System,High,Imported from Seven Reflections Destiny Cards System day-card calendar (TypeScript mapping).,,,,
05-22,2000-05-22,10 of Clubs,Seven Reflections Destiny Cards System,Seven Reflections Destiny Cards System,High,Imported from Seven Reflections Destiny Cards System day-card calendar (TypeScript mapping).,10,Clubs,3.0,10.0
05-23,2000-05-23,9 of Clubs,Seven Reflections Destiny Cards System,Seven Reflections Destiny Cards System,High,Imported from Seven Reflections Destiny Cards System day-card calendar (TypeScript mapping).,9,Clubs,3.0,9.0
05-24,2000-05-24,8 of Clubs,Seven Reflections Destiny Cards System,Seven Reflections Destiny Cards System,High,Imported from Seven Reflections Destiny Cards System day-card calendar (TypeScript mapping).,8,Clubs,3.0,8.0
05-25,2000-05-25,7 of Clubs,Seven Reflections Destiny Cards System,Seven Reflections Destiny Cards System,High,Imported from Seven Reflections Destiny Cards System day-card calendar (TypeScript mapping).,7,Clubs,3.0,7.0
05-26,2000-05-26,6 of Clubs,Seven Reflections Destiny Cards System,Seven Reflections Destiny Cards System,High,Imported from Seven Reflections Destiny Cards System day-card calendar (TypeScript mapping).,6,Clubs,3.0,6.0
05-27,2000-05-27,5 of Clubs,Seven Reflections Destiny Cards System,Seven Reflections Destiny Cards System,High,Imported from Seven Reflections Destiny Cards System day-card calendar (TypeScript mapping).,5,Clubs,3.0,5.0
05-28,2000-05-28,4 of Clubs,Seven Reflections Destiny Cards System,Seven Reflections Destiny Cards System,High,Imported from Seven Reflections Destiny Cards System day-card calendar (TypeScript mapping).,4,Clubs,3.0,4.0
05-29,2000-05-29,3 of Clubs,Seven Reflections Destiny Cards System,Seven Reflections Destiny Cards System,High,Imported from Seven Reflections Destiny Cards System day-card calendar (TypeScript mapping).,3,Clubs,3.0,3.0
05-30,2000-05-30,2 of Clubs,Seven Reflections Destiny Cards System,Seven Reflections Destiny Cards System,High,Imported from Seven Reflections Destiny Cards System day-card calendar (TypeScript mapping).,2,Clubs,3.0,2.0
05-31,2000-05-31,Ace of Clubs,Seven Reflections Destiny Cards System,Seven Reflections Destiny Cards System,High,Imported from Seven Reflections Destiny Cards System day-card calendar (TypeScript mapping).,,,,
06-01,2000-06-01,3 of Spades,Seven Reflections Destiny Cards System,Seven Reflections Destiny Cards System,High,Imported from Seven Reflections Destiny Cards System day-card calendar (TypeScript mapping).,3,Spades,1.0,3.0
06-02,2000-06-02,2 of Spades,Seven Reflections Destiny Cards System,Seven Reflections Destiny Cards System,High,Imported from Seven Reflections Destiny Cards System day-card calendar (TypeScript mapping).,2,Spades,1.0,2.0
06-03,2000-06-03,Ace of Spades,Seven Reflections Destiny Cards System,Seven Reflections Destiny Cards System,High,Imported from Seven Reflections Destiny Cards System day-card calendar (TypeScript mapping).,,,,
06-04,2000-06-04,King of Hearts,Seven Reflections Destiny Cards System,Seven Reflections Destiny Cards System,High,Imported from Seven Reflections Destiny Cards System day-card calendar (TypeScript mapping).,,,,
06-05,2000-06-05,Queen of Hearts,Seven Reflections Destiny Cards System,Seven Reflections Destiny Cards System,High,Imported from Seven Reflections Destiny Cards System day-card calendar (TypeScript mapping).,,,,
06-06,2000-06-06,Jack of Hearts,Seven Reflections Destiny Cards System,Seven Reflections Destiny Cards System,High,Imported from Seven Reflections Destiny Cards System day-card calendar (TypeScript mapping).,,,,
06-07,2000-06-07,10 of Hearts,Seven Reflections Destiny Cards System,Seven Reflections Destiny Cards System,High,Imported from Seven Reflections Destiny Cards System day-card calendar (TypeScript mapping).,10,Hearts,4.0,10.0
06-08,2000-06-08,9 of Hearts,Seven Reflections Destiny Cards System,Seven Reflections Destiny Cards System,High,Imported from Seven Reflections Destiny Cards System day-card calendar (TypeScript mapping).,9,Hearts,4.0,9.0
06-09,2000-06-09,8 of Hearts,Seven Reflections Destiny Cards System,Seven Reflections Destiny Cards System,High,Imported from Seven Reflections Destiny Cards System day-card calendar (TypeScript mapping).,8,Hearts,4.0,8.0
06-10,2000-06-10,7 of Hearts,Seven Reflections Destiny Cards System,Seven Reflections Destiny Cards System,High,Imported from Seven Reflections Destiny Cards System day-card calendar (TypeScript mapping).,7,Hearts,4.0,7.0
06-11,2000-06-11,6 of Hearts,Seven Reflections Destiny Cards System,Seven Reflections Destiny Cards System,High,Imported from Seven Reflections Destiny Cards System day-card calendar (TypeScript mapping).,6,Hearts,4.0,6.0
06-12,2000-06-12,5 of Hearts,Seven Reflections Destiny Cards System,Seven Reflections Destiny Cards System,High,Imported from Seven Reflections Destiny Cards System day-card calendar (TypeScript mapping).,5,Hearts,4.0,5.0
06-13,2000-06-13,4 of Hearts,Seven Reflections Destiny Cards System,Seven Reflections Destiny Cards System,High,Imported from Seven Reflections Destiny Cards System day-card calendar (TypeScript mapping).,4,Hearts,4.0,4.0
06-14,2000-06-14,3 of Hearts,Seven Reflections Destiny Cards System,Seven Reflections Destiny Cards System,High,Imported from Seven Reflections Destiny Cards System day-card calendar (TypeScript mapping).,3,Hearts,4.0,3.0
06-15,2000-06-15,2 of Hearts,Seven Reflections Destiny Cards System,Seven Reflections Destiny Cards System,High,Imported from Seven Reflections Destiny Cards System day-card calendar (TypeScript mapping).,2,Hearts,4.0,2.0
06-16,2000-06-16,Ace of Hearts,Seven Reflections Destiny Cards System,Seven Reflections Destiny Cards System,High,Imported from Seven Reflections Destiny Cards System day-card calendar (TypeScript mapping).,,,,
06-17,2000-06-17,King of Clubs,Seven Reflections Destiny Cards System,Seven Reflections Destiny Cards System,High,Imported from Seven Reflections Destiny Cards System day-card calendar (TypeScript mapping).,,,,
06-18,2000-06-18,Queen of Clubs,Seven Reflections Destiny Cards System,Seven Reflections Destiny Cards System,High,Imported from Seven Reflections Destiny Cards System day-card calendar (TypeScript mapping).,,,,
06-19,2000-06-19,Jack of Clubs,Seven Reflections Destiny Cards System,Seven Reflections Destiny Cards System,High,Imported from Seven Reflections Destiny Cards System day-card calendar (TypeScript mapping).,,,,
06-20,2000-06-20,10 of Clubs,Seven Reflections Destiny Cards System,Seven Reflections Destiny Cards System,High,Imported from Seven Reflections Destiny Cards System day-card calendar (TypeScript mapping).,10,Clubs,3.0,10.0
06-21,2000-06-21,9 of Clubs,Seven Reflections Destiny Cards System,Seven Reflections Destiny Cards System,High,Imported from Seven Reflections Destiny Cards System day-card calendar (TypeScript mapping).,9,Clubs,3.0,9.0
06-22,2000-06-22,8 of Clubs,Seven Reflections Destiny Cards System,Seven Reflections Destiny Cards System,High,Imported from Seven Reflections Destiny Cards System day-card calendar (TypeScript mapping).,8,Clubs,3.0,8.0
06-23,2000-06-23,7 of Clubs,Seven Reflections Destiny Cards System,Seven Reflections Destiny Cards System,High,Imported from Seven Reflections Destiny Cards System day-card calendar (TypeScript mapping).,7,Clubs,3.0,7.0
06-24,2000-06-24,6 of Clubs,Seven Reflections Destiny Cards System,Seven Reflections Destiny Cards System,High,Imported from Seven Reflections Destiny Cards System day-card calendar (TypeScript mapping).,6,Clubs,3.0,6.0
06-25,2000-06-25,5 of Clubs,Seven Reflections Destiny Cards System,Seven Reflections Destiny Cards System,High,Imported from Seven Reflections Destiny Cards System day-card calendar (TypeScript mapping).,5,Clubs,3.0,5.0
06-26,2000-06-26,4 of Clubs,Seven Reflections Destiny Cards System,Seven Reflections Destiny Cards System,High,Imported from Seven Reflections Destiny Cards System day-card calendar (TypeScript mapping).,4,Clubs,3.0,4.0
06-27,2000-06-27,3 of Clubs,Seven Reflections Destiny Cards System,Seven Reflections Destiny Cards System,High,Imported from Seven Reflections Destiny Cards System day-card calendar (TypeScript mapping).,3,Clubs,3.0,3.0
06-28,2000-06-28,2 of Clubs,Seven Reflections Destiny Cards System,Seven Reflections Destiny Cards System,High,Imported from Seven Reflections Destiny Cards System day-card calendar (TypeScript mapping).,2,Clubs,3.0,2.0
06-29,2000-06-29,Ace of Clubs,Seven Reflections Destiny Cards System,Seven Reflections Destiny Cards System,High,Imported from Seven Reflections Destiny Cards System day-card calendar (TypeScript mapping).,,,,
06-30,2000-06-30,King of Diamonds,Seven Reflections Destiny Cards System,Seven Reflections Destiny Cards System,High,Imported from Seven Reflections Destiny Cards System day-card calendar (TypeScript mapping).,,,,
07-01,2000-07-01,Ace of Spades,Seven Reflections Destiny Cards System,Seven Reflections Destiny Cards System,High,Imported from Seven Reflections Destiny Cards System day-card calendar (TypeScript mapping).,,,,
07-02,2000-07-02,King of Hearts,Seven Reflections Destiny Cards System,Seven Reflections Destiny Cards System,High,Imported from Seven Reflections Destiny Cards System day-card calendar (TypeScript mapping).,,,,
07-03,2000-07-03,Queen of Hearts,Seven Reflections Destiny Cards System,Seven Reflections Destiny Cards System,High,Imported from Seven Reflections Destiny Cards System day-card calendar (TypeScript mapping).,,,,
07-04,2000-07-04,Jack of Hearts,Seven Reflections Destiny Cards System,Seven Reflections Destiny Cards System,High,Imported from Seven Reflections Destiny Cards System day-card calendar (TypeScript mapping).,,,,
07-05,2000-07-05,10 of Hearts,Seven Reflections Destiny Cards System,Seven Reflections Destiny Cards System,High,Imported from Seven Reflections Destiny Cards System day-card calendar (TypeScript mapping).,10,Hearts,4.0,10.0
07-06,2000-07-06,9 of Hearts,Seven Reflections Destiny Cards System,Seven Reflections Destiny Cards System,High,Imported from Seven Reflections Destiny Cards System day-card calendar (TypeScript mapping).,9,Hearts,4.0,9.0
07-07,2000-07-07,8 of Hearts,Seven Reflections Destiny Cards System,Seven Reflections Destiny Cards System,High,Imported from Seven Reflections Destiny Cards System day-card calendar (TypeScript mapping).,8,Hearts,4.0,8.0
07-08,2000-07-08,7 of Hearts,Seven Reflections Destiny Cards System,Seven Reflections Destiny Cards System,High,Imported from Seven Reflections Destiny Cards System day-card calendar (TypeScript mapping).,7,Hearts,4.0,7.0
07-09,2000-07-09,6 of Hearts,Seven Reflections Destiny Cards System,Seven Reflections Destiny Cards System,High,Imported from Seven Reflections Destiny Cards System day-card calendar (TypeScript mapping).,6,Hearts,4.0,6.0
07-10,2000-07-10,5 of Hearts,Seven Reflections Destiny Cards System,Seven Reflections Destiny Cards System,High,Imported from Seven Reflections Destiny Cards System day-card calendar (TypeScript mapping).,5,Hearts,4.0,5.0
07-11,2000-07-11,4 of Hearts,Seven Reflections Destiny Cards System,Seven Reflections Destiny Cards System,High,Imported from Seven Reflections Destiny Cards System day-card calendar (TypeScript mapping).,4,Hearts,4.0,4.0
07-12,2000-07-12,3 of Hearts,Seven Reflections Destiny Cards System,Seven Reflections Destiny Cards System,High,Imported from Seven Reflections Destiny Cards System day-card calendar (TypeScript mapping).,3,Hearts,4.0,3.0
07-13,2000-07-13,2 of Hearts,Seven Reflections Destiny Cards System,Seven Reflections Destiny Cards System,High,Imported from Seven Reflections Destiny Cards System day-card calendar (TypeScript mapping).,2,Hearts,4.0,2.0
07-14,2000-07-14,Ace of Hearts,Seven Reflections Destiny Cards System,Seven Reflections Destiny Cards System,High,Imported from Seven Reflections Destiny Cards System day-card calendar (TypeScript mapping).,,,,
07-15,2000-07-15,King of Clubs,Seven Reflections Destiny Cards System,Seven Reflections Destiny Cards System,High,Imported from Seven Reflections Destiny Cards System day-card calendar (TypeScript mapping).,,,,
07-16,2000-07-16,Queen of Clubs,Seven Reflections Destiny Cards System,Seven Reflections Destiny Cards System,High,Imported from Seven Reflections Destiny Cards System day-card calendar (TypeScript mapping).,,,,
07-17,2000-07-17,Jack of Clubs,Seven Reflections Destiny Cards System,Seven Reflections Destiny Cards System,High,Imported from Seven Reflections Destiny Cards System day-card calendar (TypeScript mapping).,,,,
07-18,2000-07-18,10 of Clubs,Seven Reflections Destiny Cards System,Seven Reflections Destiny Cards System,High,Imported from Seven Reflections Destiny Cards System day-card calendar (TypeScript mapping).,10,Clubs,3.0,10.0
07-19,2000-07-19,9 of Clubs,Seven Reflections Destiny Cards System,Seven Reflections Destiny Cards System,High,Imported from Seven Reflections Destiny Cards System day-card calendar (TypeScript mapping).,9,Clubs,3.0,9.0
07-20,2000-07-20,8 of Clubs,Seven Reflections Destiny Cards System,Seven Reflections Destiny Cards System,High,Imported from Seven Reflections Destiny Cards System day-card calendar (TypeScript mapping).,8,Clubs,3.0,8.0
07-21,2000-07-21,7 of Clubs,Seven Reflections Destiny Cards System,Seven Reflections Destiny Cards System,High,Imported from Seven Reflections Destiny Cards System day-card calendar (TypeScript mapping).,7,Clubs,3.0,7.0
07-22,2000-07-22,6 of Clubs,Seven Reflections Destiny Cards System,Seven Reflections Destiny Cards System,High,Imported from Seven Reflections Destiny Cards System day-card calendar (TypeScript mapping).,6,Clubs,3.0,6.0
07-23,2000-07-23,5 of Clubs,Seven Reflections Destiny Cards System,Seven Reflections Destiny Cards System,High,Imported from Seven Reflections Destiny Cards System day-card calendar (TypeScript mapping).,5,Clubs,3.0,5.0
07-24,2000-07-24,4 of Clubs,Seven Reflections Destiny Cards System,Seven Reflections Destiny Cards System,High,Imported from Seven Reflections Destiny Cards System day-card calendar (TypeScript mapping).,4,Clubs,3.0,4.0
07-25,2000-07-25,3 of Clubs,Seven Reflections Destiny Cards System,Seven Reflections Destiny Cards System,High,Imported from Seven Reflections Destiny Cards System day-card calendar (TypeScript mapping).,3,Clubs,3.0,3.0
07-26,2000-07-26,2 of Clubs,Seven Reflections Destiny Cards System,Seven Reflections Destiny Cards System,High,Imported from Seven Reflections Destiny Cards System day-card calendar (TypeScript mapping).,2,Clubs,3.0,2.0
07-27,2000-07-27,Ace of Clubs,Seven Reflections Destiny Cards System,Seven Reflections Destiny Cards System,High,Imported from Seven Reflections Destiny Cards System day-card calendar (TypeScript mapping).,,,,
07-28,2000-07-28,King of Diamonds,Seven Reflections Destiny Cards System,Seven Reflections Destiny Cards System,High,Imported from Seven Reflections Destiny Cards System day-card calendar (TypeScript mapping).,,,,
07-29,2000-07-29,Queen of Diamonds,Seven Reflections Destiny Cards System,Seven Reflections Destiny Cards System,High,Imported from Seven Reflections Destiny Cards System day-card calendar (TypeScript mapping).,,,,
07-30,2000-07-30,Jack of Diamonds,Seven Reflections Destiny Cards System,Seven Reflections Destiny Cards System,High,Imported from Seven Reflections Destiny Cards System day-card calendar (TypeScript mapping).,,,,
07-31,2000-07-31,10 of Diamonds,Seven Reflections Destiny Cards System,Seven Reflections Destiny Cards System,High,Imported from Seven Reflections Destiny Cards System day-card calendar (TypeScript mapping).,10,Diamonds,2.0,10.0
08-01,2000-08-01,Queen of Diamonds,Seven Reflections Destiny Cards System,Seven Reflections Destiny Cards System,High,Imported from Seven Reflections Destiny Cards System day-card calendar (TypeScript mapping).,,,,
08-02,2000-08-02,Jack of Diamonds,Seven Reflections Destiny Cards System,Seven Reflections Destiny Cards System,High,Imported from Seven Reflections Destiny Cards System day-card calendar (TypeScript mapping).,,,,
08-03,2000-08-03,10 of Diamonds,Seven Reflections Destiny Cards System,Seven Reflections Destiny Cards System,High,Imported from Seven Reflections Destiny Cards System day-card calendar (TypeScript mapping).,10,Diamonds,2.0,10.0
08-04,2000-08-04,9 of Diamonds,Seven Reflections Destiny Cards System,Seven Reflections Destiny Cards System,High,Imported from Seven Reflections Destiny Cards System day-card calendar (TypeScript mapping).,9,Diamonds,2.0,9.0
08-05,2000-08-05,8 of Diamonds,Seven Reflections Destiny Cards System,Seven Reflections Destiny Cards System,High,Imported from Seven Reflections Destiny Cards System day-card calendar (TypeScript mapping).,8,Diamonds,2.0,8.0
08-06,2000-08-06,7 of Diamonds,Seven Reflections Destiny Cards System,Seven Reflections Destiny Cards System,High,Imported from Seven Reflections Destiny Cards System day-card calendar (TypeScript mapping).,7,Diamonds,2.0,7.0
08-07,2000-08-07,6 of Diamonds,Seven Reflections Destiny Cards System,Seven Reflections Destiny Cards System,High,Imported from Seven Reflections Destiny Cards System day-card calendar (TypeScript mapping).,6,Diamonds,2.0,6.0
08-08,2000-08-08,5 of Diamonds,Seven Reflections Destiny Cards System,Seven Reflections Destiny Cards System,High,Imported from Seven Reflections Destiny Cards System day-card calendar (TypeScript mapping).,5,Diamonds,2.0,5.0
08-09,2000-08-09,4 of Diamonds,Seven Reflections Destiny Cards System,Seven Reflections Destiny Cards System,High,Imported from Seven Reflections Destiny Cards System day-card calendar (TypeScript mapping).,4,Diamonds,2.0,4.0
08-10,2000-08-10,3 of Diamonds,Seven Reflections Destiny Cards System,Seven Reflections Destiny Cards System,High,Imported from Seven Reflections Destiny Cards System day-card calendar (TypeScript mapping).,3,Diamonds,2.0,3.0
08-11,2000-08-11,2 of Diamonds,Seven Reflections Destiny Cards System,Seven Reflections Destiny Cards System,High,Imported from Seven Reflections Destiny Cards System day-card calendar (TypeScript mapping).,2,Diamonds,2.0,2.0
08-12,2000-08-12,Ace of Diamonds,Seven Reflections Destiny Cards System,Seven Reflections Destiny Cards System,High,Imported from Seven Reflections Destiny Cards System day-card calendar (TypeScript mapping).,,,,
08-13,2000-08-13,King of Clubs,Seven Reflections Destiny Cards System,Seven Reflections Destiny Cards System,High,Imported from Seven Reflections Destiny Cards System day-card calendar (TypeScript mapping).,,,,
08-14,2000-08-14,Queen of Clubs,Seven Reflections Destiny Cards System,Seven Reflections Destiny Cards System,High,Imported from Seven Reflections Destiny Cards System day-card calendar (TypeScript mapping).,,,,
08-15,2000-08-15,Jack of Clubs,Seven Reflections Destiny Cards System,Seven Reflections Destiny Cards System,High,Imported from Seven Reflections Destiny Cards System day-card calendar (TypeScript mapping).,,,,
08-16,2000-08-16,10 of Clubs,Seven Reflections Destiny Cards System,Seven Reflections Destiny Cards System,High,Imported from Seven Reflections Destiny Cards System day-card calendar (TypeScript mapping).,10,Clubs,3.0,10.0
08-17,2000-08-17,9 of Clubs,Seven Reflections Destiny Cards System,Seven Reflections Destiny Cards System,High,Imported from Seven Reflections Destiny Cards System day-card calendar (TypeScript mapping).,9,Clubs,3.0,9.0
08-18,2000-08-18,8 of Clubs,Seven Reflections Destiny Cards System,Seven Reflections Destiny Cards System,High,Imported from Seven Reflections Destiny Cards System day-card calendar (TypeScript mapping).,8,Clubs,3.0,8.0
08-19,2000-08-19,7 of Clubs,Seven Reflections Destiny Cards System,Seven Reflections Destiny Cards System,High,Imported from Seven Reflections Destiny Cards System day-card calendar (TypeScript mapping).,7,Clubs,3.0,7.0
08-20,2000-08-20,6 of Clubs,Seven Reflections Destiny Cards System,Seven Reflections Destiny Cards System,High,Imported from Seven Reflections Destiny Cards System day-card calendar (TypeScript mapping).,6,Clubs,3.0,6.0
08-21,2000-08-21,5 of Clubs,Seven Reflections Destiny Cards System,Seven Reflections Destiny Cards System,High,Imported from Seven Reflections Destiny Cards System day-card calendar (TypeScript mapping).,5,Clubs,3.0,5.0
08-22,2000-08-22,4 of Clubs,Seven Reflections Destiny Cards System,Seven Reflections Destiny Cards System,High,Imported from Seven Reflections Destiny Cards System day-card calendar (TypeScript mapping).,4,Clubs,3.0,4.0
08-23,2000-08-23,3 of Clubs,Seven Reflections Destiny Cards System,Seven Reflections Destiny Cards System,High,Imported from Seven Reflections Destiny Cards System day-card calendar (TypeScript mapping).,3,Clubs,3.0,3.0
08-24,2000-08-24,2 of Clubs,Seven Reflections Destiny Cards System,Seven Reflections Destiny Cards System,High,Imported from Seven Reflections Destiny Cards System day-card calendar (TypeScript mapping).,2,Clubs,3.0,2.0
08-25,2000-08-25,Ace of Clubs,Seven Reflections Destiny Cards System,Seven Reflections Destiny Cards System,High,Imported from Seven Reflections Destiny Cards System day-card calendar (TypeScript mapping).,,,,
08-26,2000-08-26,King of Diamonds,Seven Reflections Destiny Cards System,Seven Reflections Destiny Cards System,High,Imported from Seven Reflections Destiny Cards System day-card calendar (TypeScript mapping).,,,,
08-27,2000-08-27,Queen of Diamonds,Seven Reflections Destiny Cards System,Seven Reflections Destiny Cards System,High,Imported from Seven Reflections Destiny Cards System day-card calendar (TypeScript mapping).,,,,
08-28,2000-08-28,Jack of Diamonds,Seven Reflections Destiny Cards System,Seven Reflections Destiny Cards System,High,Imported from Seven Reflections Destiny Cards System day-card calendar (TypeScript mapping).,,,,
08-29,2000-08-29,10 of Diamonds,Seven Reflections Destiny Cards System,Seven Reflections Destiny Cards System,High,Imported from Seven Reflections Destiny Cards System day-card calendar (TypeScript mapping).,10,Diamonds,2.0,10.0
08-30,2000-08-30,9 of Diamonds,Seven Reflections Destiny Cards System,Seven Reflections Destiny Cards System,High,Imported from Seven Reflections Destiny Cards System day-card calendar (TypeScript mapping).,9,Diamonds,2.0,9.0
08-31,2000-08-31,8 of Diamonds,Seven Reflections Destiny Cards System,Seven Reflections Destiny Cards System,High,Imported from Seven Reflections Destiny Cards System day-card calendar (TypeScript mapping).,8,Diamonds,2.0,8.0
09-01,2000-09-01,10 of Diamonds,Seven Reflections Destiny Cards System,Seven Reflections Destiny Cards System,High,Imported from Seven Reflections Destiny Cards System day-card calendar (TypeScript mapping).,10,Diamonds,2.0,10.0
09-02,2000-09-02,9 of Diamonds,Seven Reflections Destiny Cards System,Seven Reflections Destiny Cards System,High,Imported from Seven Reflections Destiny Cards System day-card calendar (TypeScript mapping).,9,Diamonds,2.0,9.0
09-03,2000-09-03,8 of Diamonds,Seven Reflections Destiny Cards System,Seven Reflections Destiny Cards System,High,Imported from Seven Reflections Destiny Cards System day-card calendar (TypeScript mapping).,8,Diamonds,2.0,8.0
09-04,2000-09-04,7 of Diamonds,Seven Reflections Destiny Cards System,Seven Reflections Destiny Cards System,High,Imported from Seven Reflections Destiny Cards System day-card calendar (TypeScript mapping).,7,Diamonds,2.0,7.0
09-05,2000-09-05,6 of Diamonds,Seven Reflections Destiny Cards System,Seven Reflections Destiny Cards System,High,Imported from Seven Reflections Destiny Cards System day-card calendar (TypeScript mapping).,6,Diamonds,2.0,6.0
09-06,2000-09-06,5 of Diamonds,Seven Reflections Destiny Cards System,Seven Reflections Destiny Cards System,High,Imported from Seven Reflections Destiny Cards System day-card calendar (TypeScript mapping).,5,Diamonds,2.0,5.0
09-07,2000-09-07,4 of Diamonds,Seven Reflections Destiny Cards System,Seven Reflections Destiny Cards System,High,Imported from Seven Reflections Destiny Cards System day-card calendar (TypeScript mapping).,4,Diamonds,2.0,4.0
09-08,2000-09-08,3 of Diamonds,Seven Reflections Destiny Cards System,Seven Reflections Destiny Cards System,High,Imported from Seven Reflections Destiny Cards System day-card calendar (TypeScript mapping).,3,Diamonds,2.0,3.0
09-09,2000-09-09,2 of Diamonds,Seven Reflections Destiny Cards System,Seven Reflections Destiny Cards System,High,Imported from Seven Reflections Destiny Cards System day-card calendar (TypeScript mapping).,2,Diamonds,2.0,2.0
09-10,2000-09-10,Ace of Diamonds,Seven Reflections Destiny Cards System,Seven Reflections Destiny Cards System,High,Imported from Seven Reflections Destiny Cards System day-card calendar (TypeScript mapping).,,,,
09-11,2000-09-11,King of Clubs,Seven Reflections Destiny Cards System,Seven Reflections Destiny Cards System,High,Imported from Seven Reflections Destiny Cards System day-card calendar (TypeScript mapping).,,,,
09-12,2000-09-12,Queen of Clubs,Seven Reflections Destiny Cards System,Seven Reflections Destiny Cards System,High,Imported from Seven Reflections Destiny Cards System day-card calendar (TypeScript mapping).,,,,
09-13,2000-09-13,Jack of Clubs,Seven Reflections Destiny Cards System,Seven Reflections Destiny Cards System,High,Imported from Seven Reflections Destiny Cards System day-card calendar (TypeScript mapping).,,,,
09-14,2000-09-14,10 of Clubs,Seven Reflections Destiny Cards System,Seven Reflections Destiny Cards System,High,Imported from Seven Reflections Destiny Cards System day-card calendar (TypeScript mapping).,10,Clubs,3.0,10.0
09-15,2000-09-15,9 of Clubs,Seven Reflections Destiny Cards System,Seven Reflections Destiny Cards System,High,Imported from Seven Reflections Destiny Cards System day-card calendar (TypeScript mapping).,9,Clubs,3.0,9.0
09-16,2000-09-16,8 of Clubs,Seven Reflections Destiny Cards System,Seven Reflections Destiny Cards System,High,Imported from Seven Reflections Destiny Cards System day-card calendar (TypeScript mapping).,8,Clubs,3.0,8.0
09-17,2000-09-17,7 of Clubs,Seven Reflections Destiny Cards System,Seven Reflections Destiny Cards System,High,Imported from Seven Reflections Destiny Cards System day-card calendar (TypeScript mapping).,7,Clubs,3.0,7.0
09-18,2000-09-18,6 of Clubs,Seven Reflections Destiny Cards System,Seven Reflections Destiny Cards System,High,Imported from Seven Reflections Destiny Cards System day-card calendar (TypeScript mapping).,6,Clubs,3.0,6.0
09-19,2000-09-19,5 of Clubs,Seven Reflections Destiny Cards System,Seven Reflections Destiny Cards System,High,Imported from Seven Reflections Destiny Cards System day-card calendar (TypeScript mapping).,5,Clubs,3.0,5.0
09-20,2000-09-20,4 of Clubs,Seven Reflections Destiny Cards System,Seven Reflections Destiny Cards System,High,Imported from Seven Reflections Destiny Cards System day-card calendar (TypeScript mapping).,4,Clubs,3.0,4.0
09-21,2000-09-21,3 of Clubs,Seven Reflections Destiny Cards System,Seven Reflections Destiny Cards System,High,Imported from Seven Reflections Destiny Cards System day-card calendar (TypeScript mapping).,3,Clubs,3.0,3.0
09-22,2000-09-22,2 of Clubs,Seven Reflections Destiny Cards System,Seven Reflections Destiny Cards System,High,Imported from Seven Reflections Destiny Cards System day-card calendar (TypeScript mapping).,2,Clubs,3.0,2.0
09-23,2000-09-23,Ace of Clubs,Seven Reflections Destiny Cards System,Seven Reflections Destiny Cards System,High,Imported from Seven Reflections Destiny Cards System day-card calendar (TypeScript mapping).,,,,
09-24,2000-09-24,King of Diamonds,Seven Reflections Destiny Cards System,Seven Reflections Destiny Cards System,High,Imported from Seven Reflections Destiny Cards System day-card calendar (TypeScript mapping).,,,,
09-25,2000-09-25,Queen of Diamonds,Seven Reflections Destiny Cards System,Seven Reflections Destiny Cards System,High,Imported from Seven Reflections Destiny Cards System day-card calendar (TypeScript mapping).,,,,
09-26,2000-09-26,Jack of Diamonds,Seven Reflections Destiny Cards System,Seven Reflections Destiny Cards System,High,Imported from Seven Reflections Destiny Cards System day-card calendar (TypeScript mapping).,,,,
09-27,2000-09-27,10 of Diamonds,Seven Reflections Destiny Cards System,Seven Reflections Destiny Cards System,High,Imported from Seven Reflections Destiny Cards System day-card calendar (TypeScript mapping).,10,Diamonds,2.0,10.0
09-28,2000-09-28,9 of Diamonds,Seven Reflections Destiny Cards System,Seven Reflections Destiny Cards System,High,Imported from Seven Reflections Destiny Cards System day-card calendar (TypeScript mapping).,9,Diamonds,2.0,9.0
09-29,2000-09-29,8 of Diamonds,Seven Reflections Destiny Cards System,Seven Reflections Destiny Cards System,High,Imported from Seven Reflections Destiny Cards System day-card calendar (TypeScript mapping).,8,Diamonds,2.0,8.0
09-30,2000-09-30,7 of Diamonds,Seven Reflections Destiny Cards System,Seven Reflections Destiny Cards System,High,Imported from Seven Reflections Destiny Cards System day-card calendar (TypeScript mapping).,7,Diamonds,2.0,7.0
10-01,2000-10-01,8 of Diamonds,Seven Reflections Destiny Cards System,Seven Reflections Destiny Cards System,High,Imported from Seven Reflections Destiny Cards System day-card calendar (TypeScript mapping).,8,Diamonds,2.0,8.0
10-02,2000-10-02,7 of Diamonds,Seven Reflections Destiny Cards System,Seven Reflections Destiny Cards System,High,Imported from Seven Reflections Destiny Cards System day-card calendar (TypeScript mapping).,7,Diamonds,2.0,7.0
10-03,2000-10-03,6 of Diamonds,Seven Reflections Destiny Cards System,Seven Reflections Destiny Cards System,High,Imported from Seven Reflections Destiny Cards System day-card calendar (TypeScript mapping).,6,Diamonds,2.0,6.0
10-04,2000-10-04,5 of Diamonds,Seven Reflections Destiny Cards System,Seven Reflections Destiny Cards System,High,Imported from Seven Reflections Destiny Cards System day-card calendar (TypeScript mapping).,5,Diamonds,2.0,5.0
10-05,2000-10-05,4 of Diamonds,Seven Reflections Destiny Cards System,Seven Reflections Destiny Cards System,High,Imported from Seven Reflections Destiny Cards System day-card calendar (TypeScript mapping).,4,Diamonds,2.0,4.0
10-06,2000-10-06,3 of Diamonds,Seven Reflections Destiny Cards System,Seven Reflections Destiny Cards System,High,Imported from Seven Reflections Destiny Cards System day-card calendar (TypeScript mapping).,3,Diamonds,2.0,3.0
10-07,2000-10-07,2 of Diamonds,Seven Reflections Destiny Cards System,Seven Reflections Destiny Cards System,High,Imported from Seven Reflections Destiny Cards System day-card calendar (TypeScript mapping).,2,Diamonds,2.0,2.0
10-08,2000-10-08,Ace of Diamonds,Seven Reflections Destiny Cards System,Seven Reflections Destiny Cards System,High,Imported from Seven Reflections Destiny Cards System day-card calendar (TypeScript mapping).,,,,
10-09,2000-10-09,King of Clubs,Seven Reflections Destiny Cards System,Seven Reflections Destiny Cards System,High,Imported from Seven Reflections Destiny Cards System day-card calendar (TypeScript mapping).,,,,
10-10,2000-10-10,Queen of Clubs,Seven Reflections Destiny Cards System,Seven Reflections Destiny Cards System,High,Imported from Seven Reflections Destiny Cards System day-card calendar (TypeScript mapping).,,,,
10-11,2000-10-11,Jack of Clubs,Seven Reflections Destiny Cards System,Seven Reflections Destiny Cards System,High,Imported from Seven Reflections Destiny Cards System day-card calendar (TypeScript mapping).,,,,
10-12,2000-10-12,10 of Clubs,Seven Reflections Destiny Cards System,Seven Reflections Destiny Cards System,High,Imported from Seven Reflections Destiny Cards System day-card calendar (TypeScript mapping).,10,Clubs,3.0,10.0
10-13,2000-10-13,9 of Clubs,Seven Reflections Destiny Cards System,Seven Reflections Destiny Cards System,High,Imported from Seven Reflections Destiny Cards System day-card calendar (TypeScript mapping).,9,Clubs,3.0,9.0
10-14,2000-10-14,8 of Clubs,Seven Reflections Destiny Cards System,Seven Reflections Destiny Cards System,High,Imported from Seven Reflections Destiny Cards System day-card calendar (TypeScript mapping).,8,Clubs,3.0,8.0
10-15,2000-10-15,7 of Clubs,Seven Reflections Destiny Cards System,Seven Reflections Destiny Cards System,High,Imported from Seven Reflections Destiny Cards System day-card calendar (TypeScript mapping).,7,Clubs,3.0,7.0
10-16,2000-10-16,6 of Clubs,Seven Reflections Destiny Cards System,Seven Reflections Destiny Cards System,High,Imported from Seven Reflections Destiny Cards System day-card calendar (TypeScript mapping).,6,Clubs,3.0,6.0
10-17,2000-10-17,5 of Clubs,Seven Reflections Destiny Cards System,Seven Reflections Destiny Cards System,High,Imported from Seven Reflections Destiny Cards System day-card calendar (TypeScript mapping).,5,Clubs,3.0,5.0
10-18,2000-10-18,4 of Clubs,Seven Reflections Destiny Cards System,Seven Reflections Destiny Cards System,High,Imported from Seven Reflections Destiny Cards System day-card calendar (TypeScript mapping).,4,Clubs,3.0,4.0
10-19,2000-10-19,3 of Clubs,Seven Reflections Destiny Cards System,Seven Reflections Destiny Cards System,High,Imported from Seven Reflections Destiny Cards System day-card calendar (TypeScript mapping).,3,Clubs,3.0,3.0
10-20,2000-10-20,2 of Clubs,Seven Reflections Destiny Cards System,Seven Reflections Destiny Cards System,High,Imported from Seven Reflections Destiny Cards System day-card calendar (TypeScript mapping).,2,Clubs,3.0,2.0
10-21,2000-10-21,Ace of Clubs,Seven Reflections Destiny Cards System,Seven Reflections Destiny Cards System,High,Imported from Seven Reflections Destiny Cards System day-card calendar (TypeScript mapping).,,,,
10-22,2000-10-22,King of Diamonds,Seven Reflections Destiny Cards System,Seven Reflections Destiny Cards System,High,Imported from Seven Reflections Destiny Cards System day-card calendar (TypeScript mapping).,,,,
10-23,2000-10-23,Queen of Diamonds,Seven Reflections Destiny Cards System,Seven Reflections Destiny Cards System,High,Imported from Seven Reflections Destiny Cards System day-card calendar (TypeScript mapping).,,,,
10-24,2000-10-24,Jack of Diamonds,Seven Reflections Destiny Cards System,Seven Reflections Destiny Cards System,High,Imported from Seven Reflections Destiny Cards System day-card calendar (TypeScript mapping).,,,,
10-25,2000-10-25,10 of Diamonds,Seven Reflections Destiny Cards System,Seven Reflections Destiny Cards System,High,Imported from Seven Reflections Destiny Cards System day-card calendar (TypeScript mapping).,10,Diamonds,2.0,10.0
10-26,2000-10-26,9 of Diamonds,Seven Reflections Destiny Cards System,Seven Reflections Destiny Cards System,High,Imported from Seven Reflections Destiny Cards System day-card calendar (TypeScript mapping).,9,Diamonds,2.0,9.0
10-27,2000-10-27,8 of Diamonds,Seven Reflections Destiny Cards System,Seven Reflections Destiny Cards System,High,Imported from Seven Reflections Destiny Cards System day-card calendar (TypeScript mapping).,8,Diamonds,2.0,8.0
10-28,2000-10-28,7 of Diamonds,Seven Reflections Destiny Cards System,Seven Reflections Destiny Cards System,High,Imported from Seven Reflections Destiny Cards System day-card calendar (TypeScript mapping).,7,Diamonds,2.0,7.0
10-29,2000-10-29,6 of Diamonds,Seven Reflections Destiny Cards System,Seven Reflections Destiny Cards System,High,Imported from Seven Reflections Destiny Cards System day-card calendar (TypeScript mapping).,6,Diamonds,2.0,6.0
10-30,2000-10-30,5 of Diamonds,Seven Reflections Destiny Cards System,Seven Reflections Destiny Cards System,High,Imported from Seven Reflections Destiny Cards System day-card calendar (TypeScript mapping).,5,Diamonds,2.0,5.0
10-31,2000-10-31,4 of Diamonds,Seven Reflections Destiny Cards System,Seven Reflections Destiny Cards System,High,Imported from Seven Reflections Destiny Cards System day-card calendar (TypeScript mapping).,4,Diamonds,2.0,4.0
11-01,2000-11-01,6 of Diamonds,Seven Reflections Destiny Cards System,Seven Reflections Destiny Cards System,High,Imported from Seven Reflections Destiny Cards System day-card calendar (TypeScript mapping).,6,Diamonds,2.0,6.0
11-02,2000-11-02,5 of Diamonds,Seven Reflections Destiny Cards System,Seven Reflections Destiny Cards System,High,Imported from Seven Reflections Destiny Cards System day-card calendar (TypeScript mapping).,5,Diamonds,2.0,5.0
11-03,2000-11-03,4 of Diamonds,Seven Reflections Destiny Cards System,Seven Reflections Destiny Cards System,High,Imported from Seven Reflections Destiny Cards System day-card calendar (TypeScript mapping).,4,Diamonds,2.0,4.0
11-04,2000-11-04,3 of Diamonds,Seven Reflections Destiny Cards System,Seven Reflections Destiny Cards System,High,Imported from Seven Reflections Destiny Cards System day-card calendar (TypeScript mapping).,3,Diamonds,2.0,3.0
11-05,2000-11-05,2 of Diamonds,Seven Reflections Destiny Cards System,Seven Reflections Destiny Cards System,High,Imported from Seven Reflections Destiny Cards System day-card calendar (TypeScript mapping).,2,Diamonds,2.0,2.0
11-06,2000-11-06,Ace of Diamonds,Seven Reflections Destiny Cards System,Seven Reflections Destiny Cards System,High,Imported from Seven Reflections Destiny Cards System day-card calendar (TypeScript mapping).,,,,
11-07,2000-11-07,King of Clubs,Seven Reflections Destiny Cards System,Seven Reflections Destiny Cards System,High,Imported from Seven Reflections Destiny Cards System day-card calendar (TypeScript mapping).,,,,
11-08,2000-11-08,Queen of Clubs,Seven Reflections Destiny Cards System,Seven Reflections Destiny Cards System,High,Imported from Seven Reflections Destiny Cards System day-card calendar (TypeScript mapping).,,,,
11-09,2000-11-09,Jack of Clubs,Seven Reflections Destiny Cards System,Seven Reflections Destiny Cards System,High,Imported from Seven Reflections Destiny Cards System day-card calendar (TypeScript mapping).,,,,
11-10,2000-11-10,10 of Clubs,Seven Reflections Destiny Cards System,Seven Reflections Destiny Cards System,High,Imported from Seven Reflections Destiny Cards System day-card calendar (TypeScript mapping).,10,Clubs,3.0,10.0
11-11,2000-11-11,9 of Clubs,Seven Reflections Destiny Cards System,Seven Reflections Destiny Cards System,High,Imported from Seven Reflections Destiny Cards System day-card calendar (TypeScript mapping).,9,Clubs,3.0,9.0
11-12,2000-11-12,8 of Clubs,Seven Reflections Destiny Cards System,Seven Reflections Destiny Cards System,High,Imported from Seven Reflections Destiny Cards System day-card calendar (TypeScript mapping).,8,Clubs,3.0,8.0
11-13,2000-11-13,7 of Clubs,Seven Reflections Destiny Cards System,Seven Reflections Destiny Cards System,High,Imported from Seven Reflections Destiny Cards System day-card calendar (TypeScript mapping).,7,Clubs,3.0,7.0
11-14,2000-11-14,6 of Clubs,Seven Reflections Destiny Cards System,Seven Reflections Destiny Cards System,High,Imported from Seven Reflections Destiny Cards System day-card calendar (TypeScript mapping).,6,Clubs,3.0,6.0
11-15,2000-11-15,5 of Clubs,Seven Reflections Destiny Cards System,Seven Reflections Destiny Cards System,High,Imported from Seven Reflections Destiny Cards System day-card calendar (TypeScript mapping).,5,Clubs,3.0,5.0
11-16,2000-11-16,4 of Clubs,Seven Reflections Destiny Cards System,Seven Reflections Destiny Cards System,High,Imported from Seven Reflections Destiny Cards System day-card calendar (TypeScript mapping).,4,Clubs,3.0,4.0
11-17,2000-11-17,3 of Clubs,Seven Reflections Destiny Cards System,Seven Reflections Destiny Cards System,High,Imported from Seven Reflections Destiny Cards System day-card calendar (TypeScript mapping).,3,Clubs,3.0,3.0
11-18,2000-11-18,2 of Clubs,Seven Reflections Destiny Cards System,Seven Reflections Destiny Cards System,High,Imported from Seven Reflections Destiny Cards System day-card calendar (TypeScript mapping).,2,Clubs,3.0,2.0
11-19,2000-11-19,Ace of Clubs,Seven Reflections Destiny Cards System,Seven Reflections Destiny Cards System,High,Imported from Seven Reflections Destiny Cards System day-card calendar (TypeScript mapping).,,,,
11-20,2000-11-20,King of Hearts,Seven Reflections Destiny Cards System,Seven Reflections Destiny Cards System,High,Imported from Seven Reflections Destiny Cards System day-card calendar (TypeScript mapping).,,,,
11-21,2000-11-21,Queen of Hearts,Seven Reflections Destiny Cards System,Seven Reflections Destiny Cards System,High,Imported from Seven Reflections Destiny Cards System day-card calendar (TypeScript mapping).,,,,
11-22,2000-11-22,Jack of Hearts,Seven Reflections Destiny Cards System,Seven Reflections Destiny Cards System,High,Imported from Seven Reflections Destiny Cards System day-card calendar (TypeScript mapping).,,,,
11-23,2000-11-23,10 of Hearts,Seven Reflections Destiny Cards System,Seven Reflections Destiny Cards System,High,Imported from Seven Reflections Destiny Cards System day-card calendar (TypeScript mapping).,10,Hearts,4.0,10.0
11-24,2000-11-24,9 of Hearts,Seven Reflections Destiny Cards System,Seven Reflections Destiny Cards System,High,Imported from Seven Reflections Destiny Cards System day-card calendar (TypeScript mapping).,9,Hearts,4.0,9.0
11-25,2000-11-25,8 of Hearts,Seven Reflections Destiny Cards System,Seven Reflections Destiny Cards System,High,Imported from Seven Reflections Destiny Cards System day-card calendar (TypeScript mapping).,8,Hearts,4.0,8.0
11-26,2000-11-26,7 of Hearts,Seven Reflections Destiny Cards System,Seven Reflections Destiny Cards System,High,Imported from Seven Reflections Destiny Cards System day-card calendar (TypeScript mapping).,7,Hearts,4.0,7.0
11-27,2000-11-27,6 of Hearts,Seven Reflections Destiny Cards System,Seven Reflections Destiny Cards System,High,Imported from Seven Reflections Destiny Cards System day-card calendar (TypeScript mapping).,6,Hearts,4.0,6.0
11-28,2000-11-28,5 of Hearts,Seven Reflections Destiny Cards System,Seven Reflections Destiny Cards System,High,Imported from Seven Reflections Destiny Cards System day-card calendar (TypeScript mapping).,5,Hearts,4.0,5.0
11-29,2000-11-29,4 of Hearts,Seven Reflections Destiny Cards System,Seven Reflections Destiny Cards System,High,Imported from Seven Reflections Destiny Cards System day-card calendar (TypeScript mapping).,4,Hearts,4.0,4.0
11-30,2000-11-30,3 of Hearts,Seven Reflections Destiny Cards System,Seven Reflections Destiny Cards System,High,Imported from Seven Reflections Destiny Cards System day-card calendar (TypeScript mapping).,3,Hearts,4.0,3.0
12-01,2000-12-01,4 of Diamonds,Seven Reflections Destiny Cards System,Seven Reflections Destiny Cards System,High,Imported from Seven Reflections Destiny Cards System day-card calendar (TypeScript mapping).,4,Diamonds,2.0,4.0
12-02,2000-12-02,3 of Diamonds,Seven Reflections Destiny Cards System,Seven Reflections Destiny Cards System,High,Imported from Seven Reflections Destiny Cards System day-card calendar (TypeScript mapping).,3,Diamonds,2.0,3.0
12-03,2000-12-03,2 of Diamonds,Seven Reflections Destiny Cards System,Seven Reflections Destiny Cards System,High,Imported from Seven Reflections Destiny Cards System day-card calendar (TypeScript mapping).,2,Diamonds,2.0,2.0
12-04,2000-12-04,Ace of Diamonds,Seven Reflections Destiny Cards System,Seven Reflections Destiny Cards System,High,Imported from Seven Reflections Destiny Cards System day-card calendar (TypeScript mapping).,,,,
12-05,2000-12-05,King of Clubs,Seven Reflections Destiny Cards System,Seven Reflections Destiny Cards System,High,Imported from Seven Reflections Destiny Cards System day-card calendar (TypeScript mapping).,,,,
12-06,2000-12-06,Queen of Clubs,Seven Reflections Destiny Cards System,Seven Reflections Destiny Cards System,High,Imported from Seven Reflections Destiny Cards System day-card calendar (TypeScript mapping).,,,,
12-07,2000-12-07,Jack of Clubs,Seven Reflections Destiny Cards System,Seven Reflections Destiny Cards System,High,Imported from Seven Reflections Destiny Cards System day-card calendar (TypeScript mapping).,,,,
12-08,2000-12-08,10 of Clubs,Seven Reflections Destiny Cards System,Seven Reflections Destiny Cards System,High,Imported from Seven Reflections Destiny Cards System day-card calendar (TypeScript mapping).,10,Clubs,3.0,10.0
12-09,2000-12-09,9 of Clubs,Seven Reflections Destiny Cards System,Seven Reflections Destiny Cards System,High,Imported from Seven Reflections Destiny Cards System day-card calendar (TypeScript mapping).,9,Clubs,3.0,9.0
12-10,2000-12-10,8 of Clubs,Seven Reflections Destiny Cards System,Seven Reflections Destiny Cards System,High,Imported from Seven Reflections Destiny Cards System day-card calendar (TypeScript mapping).,8,Clubs,3.0,8.0
12-11,2000-12-11,7 of Clubs,Seven Reflections Destiny Cards System,Seven Reflections Destiny Cards System,High,Imported from Seven Reflections Destiny Cards System day-card calendar (TypeScript mapping).,7,Clubs,3.0,7.0
12-12,2000-12-12,6 of Clubs,Seven Reflections Destiny Cards System,Seven Reflections Destiny Cards System,High,Imported from Seven Reflections Destiny Cards System day-card calendar (TypeScript mapping).,6,Clubs,3.0,6.0
12-13,2000-12-13,5 of Clubs,Seven Reflections Destiny Cards System,Seven Reflections Destiny Cards System,High,Imported from Seven Reflections Destiny Cards System day-card calendar (TypeScript mapping).,5,Clubs,3.0,5.0
12-14,2000-12-14,4 of Clubs,Seven Reflections Destiny Cards System,Seven Reflections Destiny Cards System,High,Imported from Seven Reflections Destiny Cards System day-card calendar (TypeScript mapping).,4,Clubs,3.0,4.0
12-15,2000-12-15,3 of Clubs,Seven Reflections Destiny Cards System,Seven Reflections Destiny Cards System,High,Imported from Seven Reflections Destiny Cards System day-card calendar (TypeScript mapping).,3,Clubs,3.0,3.0
12-16,2000-12-16,2 of Clubs,Seven Reflections Destiny Cards System,Seven Reflections Destiny Cards System,High,Imported from Seven Reflections Destiny Cards System day-card calendar (TypeScript mapping).,2,Clubs,3.0,2.0
12-17,2000-12-17,Ace of Clubs,Seven Reflections Destiny Cards System,Seven Reflections Destiny Cards System,High,Imported from Seven Reflections Destiny Cards System day-card calendar (TypeScript mapping).,,,,
12-18,2000-12-18,King of Hearts,Seven Reflections Destiny Cards System,Seven Reflections Destiny Cards System,High,Imported from Seven Reflections Destiny Cards System day-card calendar (TypeScript mapping).,,,,
12-19,2000-12-19,Queen of Hearts,Seven Reflections Destiny Cards System,Seven Reflections Destiny Cards System,High,Imported from Seven Reflections Destiny Cards System day-card calendar (TypeScript mapping).,,,,
12-20,2000-12-20,Jack of Hearts,Seven Reflections Destiny Cards System,Seven Reflections Destiny Cards System,High,Imported from Seven Reflections Destiny Cards System day-card calendar (TypeScript mapping).,,,,
12-21,2000-12-21,10 of Hearts,Seven Reflections Destiny Cards System,Seven Reflections Destiny Cards System,High,Imported from Seven Reflections Destiny Cards System day-card calendar (TypeScript mapping).,10,Hearts,4.0,10.0
12-22,2000-12-22,9 of Hearts,Seven Reflections Destiny Cards System,Seven Reflections Destiny Cards System,High,Imported from Seven Reflections Destiny Cards System day-card calendar (TypeScript mapping).,9,Hearts,4.0,9.0
12-23,2000-12-23,8 of Hearts,Seven Reflections Destiny Cards System,Seven Reflections Destiny Cards System,High,Imported from Seven Reflections Destiny Cards System day-card calendar (TypeScript mapping).,8,Hearts,4.0,8.0
12-24,2000-12-24,7 of Hearts,Seven Reflections Destiny Cards System,Seven Reflections Destiny Cards System,High,Imported from Seven Reflections Destiny Cards System day-card calendar (TypeScript mapping).,7,Hearts,4.0,7.0
12-25,2000-12-25,6 of Hearts,Seven Reflections Destiny Cards System,Seven Reflections Destiny Cards System,High,Imported from Seven Reflections Destiny Cards System day-card calendar (TypeScript mapping).,6,Hearts,4.0,6.0
12-26,2000-12-26,5 of Hearts,Seven Reflections Destiny Cards System,Seven Reflections Destiny Cards System,High,Imported from Seven Reflections Destiny Cards System day-card calendar (TypeScript mapping).,5,Hearts,4.0,5.0
12-27,2000-12-27,4 of Hearts,Seven Reflections Destiny Cards System,Seven Reflections Destiny Cards System,High,Imported from Seven Reflections Destiny Cards System day-card calendar (TypeScript mapping).,4,Hearts,4.0,4.0
12-28,2000-12-28,3 of Hearts,Seven Reflections Destiny Cards System,Seven Reflections Destiny Cards System,High,Imported from Seven Reflections Destiny Cards System day-card calendar (TypeScript mapping).,3,Hearts,4.0,3.0
12-29,2000-12-29,2 of Hearts,Seven Reflections Destiny Cards System,Seven Reflections Destiny Cards System,High,Imported from Seven Reflections Destiny Cards System day-card calendar (TypeScript mapping).,2,Hearts,4.0,2.0
12-30,2000-12-30,Ace of Hearts,Seven Reflections Destiny Cards System,Seven Reflections Destiny Cards System,High,Imported from Seven Reflections Destiny Cards System day-card calendar (TypeScript mapping).,,,,
12-31,2000-12-31,Joker,Seven Reflections Destiny Cards System,Seven Reflections Destiny Cards System,High,Imported from Seven Reflections Destiny Cards System day-card calendar (TypeScript mapping).,Joker,Joker,5.0,14.0
